City_ID,City,Lat,Lng,Max Temp,Humidity,Cloudiness,Wind Speed,Country,Date
0,kodiak,57.79,-152.4072,-2.27,74,75,2.06,US,1732995005
1,constantia,44.1833,28.65,6.5,76,92,9.16,RO,1732994983
2,fontanelas,38.8472,-9.4372,17.87,80,20,1.54,PT,1732995008
3,grytviken,-54.2811,-36.5092,3.21,83,44,5.23,GS,1732995009
4,anadyr,64.75,177.4833,-0.72,86,40,14.75,RU,1732994710
5,waitangi,-43.9535,-176.5597,12.12,77,13,5.81,NZ,1732995011
6,igarka,67.4667,86.5833,-12.35,80,100,10.82,RU,1732995012
7,papao,-17.75,-149.55,29.82,74,24,3.61,PF,1732995013
8,bredasdorp,-34.5322,20.0403,18.14,74,64,2.99,ZA,1732995014
9,meadow lakes,61.6247,-149.6011,-10.33,55,100,0.34,US,1732995015
10,iqaluit,63.7506,-68.5145,-4.15,68,100,5.66,CA,1732995016
11,georgetown,5.4112,100.3354,25.96,87,40,1.54,MY,1732995017
12,saipan,15.1355,145.701,28.39,83,20,5.14,MP,1732995019
13,la passe,45.5549,-0.8967,12.39,86,87,4.05,FR,1732995020
14,nizhniy ingash,56.2,96.53,-15.67,93,5,1.82,RU,1732995021
15,bethel,41.3712,-73.414,3.07,54,100,3.6,US,1732995013
16,klyuchi,52.2667,79.1667,-15.35,97,19,2.07,RU,1732995023
17,roma,43.2128,-75.4557,1.08,59,100,8.23,US,1732995024
18,ushuaia,-54.8,-68.3,9.81,57,75,12.35,AR,1732994890
19,port-aux-francais,-49.35,70.2167,6.45,94,78,14.56,TF,1732995026
20,pangkalanbuun,-2.6833,111.6167,23.11,99,100,0.79,ID,1732995027
21,luderitz,-26.6481,15.1594,19.4,52,0,9.94,NA,1732995028
22,adamstown,-25.066,-130.1015,22.91,81,58,7.26,PN,1732995029
23,blackmans bay,-43.0167,147.3167,16.07,96,100,3.2,AU,1732995030
24,sitka,57.0531,-135.33,-2.06,59,20,2.57,US,1732994831
25,albany,42.6001,-73.9662,0.78,63,100,1.79,US,1732994771
26,kudahuvadhoo,2.6708,72.8944,27.87,71,15,9.07,MV,1732995033
27,wailua homesteads,22.0669,-159.378,23.4,91,20,2.57,US,1732995035
28,prince rupert,54.3161,-130.3201,4.05,100,100,3.6,CA,1732995036
29,acarau,-2.8856,-40.12,28.28,68,89,8.42,BR,1732995037
30,hadibu,12.65,54.0333,25.43,72,100,5.09,YE,1732995038
31,antsiranana,-12.2787,49.2917,25.24,82,99,0.33,MG,1732995041
32,al qadarif,14.0349,35.3834,25.82,25,0,5.12,SD,1732995042
33,iskateley,67.6803,53.1512,-4.24,81,94,8.14,RU,1732995043
34,vilyuchinsk,52.9306,158.4028,0.15,94,100,2.59,RU,1732995045
35,forster,-32.1667,152.5167,19.65,100,100,1.79,AU,1732995046
36,sandnessjoen,66.0217,12.6316,2.59,88,100,7.67,NO,1732995047
37,bilibino,68.0546,166.4372,-17.87,100,100,1.44,RU,1732995048
38,zhirnovsk,50.9845,44.7735,-2.54,95,75,1.46,RU,1732995049
39,puerto natales,-51.7236,-72.4875,11.25,58,40,11.83,CL,1732995050
40,hamilton,39.1834,-84.5333,2.1,41,0,5.66,US,1732995040
41,tadine,-21.55,167.8833,24.97,81,0,5.19,NC,1732995052
42,west island,-12.1568,96.8225,26.99,94,75,1.54,CC,1732995053
43,zhelezinka,53.54,75.3072,-17.7,98,69,1.66,KZ,1732995054
44,longyearbyen,78.2186,15.6401,-9.09,57,40,5.14,SJ,1732995055
45,leer,53.2316,7.461,3.3,89,0,3.66,DE,1732995056
46,ballesteros,18.4126,121.5152,22.63,88,98,1.52,PH,1732995058
47,vesoul,47.5833,5.8333,1.38,76,25,0.54,FR,1732995059
48,whitehorse,60.7161,-135.0538,-31.5,74,0,0.0,CA,1732995060
49,rio grande,-32.035,-52.0986,20.52,63,0,5.72,BR,1732995061
50,zaozersk,69.4005,32.4476,-7.19,85,60,10.5,RU,1732995062
51,kolyshley,52.7005,44.5367,-5.56,100,99,2.13,RU,1732995063
52,guerrero negro,27.9769,-114.0611,25.61,26,100,0.22,MX,1732995064
53,invercargill,-46.4,168.35,13.34,86,2,3.58,NZ,1732995066
54,qamdo,31.1667,97.2333,-6.55,46,21,0.28,CN,1732995067
55,betioky,-23.7167,44.3833,21.81,56,0,5.78,MG,1732995068
56,nar'yan-mar,67.6713,53.087,-4.29,80,95,8.21,RU,1732995069
57,port alfred,-33.5906,26.891,18.43,85,100,1.68,ZA,1732995070
58,fortuna foothills,32.6578,-114.4119,22.34,18,0,5.14,US,1732994954
59,utrik,11.2278,169.8474,27.97,81,81,11.2,MH,1732995072
60,hithadhoo,-0.6,73.0833,26.86,81,100,8.58,MV,1732995073
61,shalqar,47.8333,59.6,-0.77,63,91,2.91,KZ,1732995075
62,springbok,-29.6643,17.8865,17.45,42,4,2.57,ZA,1732995076
63,east london,-33.0153,27.9116,19.88,76,100,2.47,ZA,1732995077
64,olonkinbyen,70.9221,-8.7187,-10.59,64,100,6.87,SJ,1732995078
65,cobourg,50.2667,10.9667,-0.8,83,32,0.82,DE,1732995079
66,holdrege,40.4403,-99.3698,-0.97,64,100,0.0,US,1732995080
67,floro,61.5996,5.0328,9.98,93,100,9.26,NO,1732995081
68,avarua,-21.2078,-159.775,26.03,78,20,5.14,CK,1732995082
69,vorgashor,67.5833,63.95,-10.16,95,100,5.3,RU,1732995084
70,loreto,22.2667,-101.9667,24.88,16,41,2.17,MX,1732995047
71,selfoss,63.9331,-20.9971,-3.9,57,4,8.26,IS,1732995086
72,taroa,8.7058,171.2275,27.77,82,100,11.22,MH,1732995087
73,mongo,12.1844,18.693,23.11,21,7,2.69,TD,1732995088
74,lihue,21.9789,-159.3672,23.74,83,20,2.57,US,1732994799
75,arraial do cabo,-22.9661,-42.0278,26.98,89,40,5.66,BR,1732995090
76,acajutla,13.5928,-89.8275,29.77,51,100,2.66,SV,1732995091
77,tchaourou,8.8865,2.5975,25.7,30,96,2.38,BJ,1732995092
78,amlapura,-8.45,115.6167,24.9,86,100,3.0,ID,1732995093
79,crane,31.3974,-102.3501,15.02,29,100,0.63,US,1732995095
80,khanty-mansiysk,61.0042,69.0019,-3.94,80,75,5.0,RU,1732995096
81,port lincoln,-34.7333,135.8667,14.41,91,0,3.58,AU,1732995097
82,tobelo,1.7284,128.0095,27.03,80,94,0.64,ID,1732995098
83,pisco,-13.7,-76.2167,23.03,73,0,6.17,PE,1732995100
84,isafjordur,66.0755,-23.124,-7.05,85,98,13.78,IS,1732995101
85,fale old settlement,-9.3852,-171.2468,28.67,65,89,8.45,TK,1732995102
86,ancud,-41.8697,-73.8203,13.89,65,12,6.66,CL,1732995103
87,balaipungut,1.05,101.2833,23.78,97,100,0.8,ID,1732995104
88,mbandaka,0.0487,18.2603,22.5,93,98,1.55,CD,1732995105
89,papatowai,-46.5619,169.4708,13.93,53,3,5.27,NZ,1732995106
90,susuman,62.7833,148.1667,-13.12,96,100,0.6,RU,1732995107
91,verkhnevilyuysk,63.4453,120.3167,-32.76,98,92,2.49,RU,1732995109
92,punta arenas,-53.15,-70.9167,10.06,76,75,10.29,CL,1732995070
93,puerto ayora,-0.7393,-90.3518,22.16,79,70,4.75,EC,1732995111
94,stanley,54.868,-1.6985,11.01,91,20,5.66,GB,1732995112
95,lubang,13.8584,120.124,26.31,85,100,7.87,PH,1732995113
96,hawaiian paradise park,19.5933,-154.9731,24.29,80,40,1.54,US,1732995114
97,samho-rodongjagu,39.9475,127.8711,1.44,58,0,2.56,KP,1732995115
98,bure,10.7,37.0667,13.79,86,61,2.21,ET,1732995116
99,atafu village,-8.5421,-172.5159,28.54,70,100,8.18,TK,1732995117
100,reggane,26.7158,0.1714,19.7,16,0,3.71,DZ,1732995118
101,thompson,55.7435,-97.8558,-11.91,79,75,3.09,CA,1732995119
102,silver city,32.7701,-108.2803,15.17,35,53,1.79,US,1732995121
103,port elizabeth,-33.918,25.5701,17.95,93,0,1.03,ZA,1732995122
104,ilulissat,69.2167,-51.1,-10.99,67,75,1.03,GL,1732995123
105,nuuk,64.1835,-51.7216,-1.66,59,75,2.06,GL,1732995124
106,callao,-12.0667,-77.15,23.16,68,40,6.69,PE,1732994966
107,cabedelo,-6.9811,-34.8339,29.37,69,79,4.73,BR,1732995126
108,hohhot,40.8106,111.6522,-8.84,86,0,2.0,CN,1732994934
109,ippy,6.2679,21.2247,24.47,37,10,1.3,CF,1732995128
110,badger,64.8,-147.5333,-23.07,80,0,1.54,US,1732995129
111,nago,26.5881,127.9761,16.26,68,70,1.14,JP,1732995130
112,alice springs,-23.7,133.8833,26.75,47,100,3.6,AU,1732995131
113,lebu,-37.6167,-73.65,15.57,73,0,6.2,CL,1732995132
114,hammerfest,70.6634,23.6821,-3.75,74,75,5.66,NO,1732995133
115,koungou,-12.7336,45.2042,26.84,89,0,4.12,YT,1732995134
116,yamada,39.4667,141.95,3.32,59,0,6.38,JP,1732995136
117,emerald,-23.5333,148.1667,21.3,99,10,3.19,AU,1732995137
118,mount isa,-20.7333,139.5,21.87,94,4,0.0,AU,1732995138
119,lichinga,-13.3128,35.2406,19.05,63,0,4.63,MZ,1732995139
120,birzebbuga,35.8258,14.5269,14.38,51,20,6.17,MT,1732995140
121,panjab,34.388,67.0233,-5.47,76,60,0.84,AF,1732995141
122,pontes e lacerda,-15.2261,-59.3353,24.17,95,100,1.74,BR,1732995142
123,alotau,-10.3069,150.4462,25.62,95,31,0.97,PG,1732995143
124,yellowknife,62.456,-114.3525,-19.71,84,100,3.09,CA,1732995144
125,west bay,19.3667,-81.4167,28.92,83,75,4.63,KY,1732995145
126,udachny,66.4167,112.4,-33.98,100,96,1.37,RU,1732995146
127,pangody,65.85,74.4859,-7.42,91,100,8.53,RU,1732995147
128,margaret river,-33.95,115.0667,15.92,78,100,4.0,AU,1732994996
129,sumbawanga,-7.9667,31.6167,17.89,88,100,0.0,TZ,1732995150
130,herkimer,43.0256,-74.986,0.94,68,100,5.89,US,1732995151
131,monrovia,6.3005,-10.7969,27.0,79,10,3.93,LR,1732995152
132,coquimbo,-29.9533,-71.3436,17.85,62,20,5.66,CL,1732995078
133,flying fish cove,-10.4217,105.6791,27.55,85,100,4.32,CX,1732995154
134,ribeira grande,38.5167,-28.7,17.22,59,40,2.06,PT,1732995155
135,columbia,34.0007,-81.0348,11.53,34,40,3.09,US,1732995157
136,kittila,67.6647,24.8936,-15.92,92,0,0.51,FI,1732995158
137,mubende,0.5606,31.39,19.01,78,100,0.83,UG,1732994897
138,lorengau,-2.0226,147.2712,26.94,71,100,1.21,PG,1732995160
139,baikonur,45.6167,63.3167,1.85,79,100,4.03,KZ,1732995162
140,saint-leu,-21.15,55.2833,23.48,84,85,2.64,RE,1732995163
141,yuzhno-kurilsk,44.0306,145.8556,2.39,63,51,7.08,RU,1732995164
142,kavaratti,10.5669,72.642,27.21,70,100,5.76,IN,1732995165
143,myeik,12.4333,98.6,22.73,70,33,2.84,MM,1732995166
144,novodvinsk,64.4165,40.8122,-5.14,85,100,3.21,RU,1732995167
145,jiuquan,39.7432,98.5174,-4.4,34,51,1.16,CN,1732995168
146,obihiro,42.9172,143.2044,0.15,63,0,5.93,JP,1732994972
147,yaya,56.206,86.44,-9.8,96,51,2.43,RU,1732995170
148,edinburgh of the seven seas,-37.0676,-12.3116,17.29,93,100,14.38,SH,1732995171
149,yeed,4.55,43.0333,29.33,28,10,2.91,SO,1732995172
150,muisne,0.6,-80.0333,24.88,77,83,5.1,EC,1732995173
151,fort stockton,30.894,-102.8793,19.31,30,0,2.57,US,1732995091
152,college,64.8569,-147.8028,-23.03,70,100,1.54,US,1732995175
153,jennings,38.7192,-90.2604,-0.06,85,100,2.06,US,1732995177
154,touros,-5.1989,-35.4608,26.11,71,15,5.17,BR,1732995178
155,qaqortoq,60.7167,-46.0333,-8.35,62,100,4.08,GL,1732995160
156,binzhou,37.3667,118.0167,6.82,50,53,2.21,CN,1732995180
157,guane,22.2025,-84.0875,28.28,58,86,3.88,CU,1732995181
158,dryden,49.7833,-92.7503,-8.84,79,100,4.63,CA,1732995182
159,kadisehri,39.9957,35.7919,-10.54,95,5,2.31,TR,1732995183
160,jamestown,42.097,-79.2353,-2.77,68,100,9.26,US,1732995128
161,pobe,6.9801,2.6649,25.42,40,100,1.69,BJ,1732995185
162,kingston,17.997,-76.7936,31.53,70,40,8.23,JM,1732995058
163,nyurba,63.2842,118.3319,-37.04,100,73,1.53,RU,1732995188
164,usogorsk,63.4106,48.6872,-6.0,93,100,3.61,RU,1732995169
165,ouadda,8.0777,22.4007,20.91,34,22,2.14,CF,1732995191
166,tolanaro,-25.0319,46.9987,21.04,88,20,0.0,MG,1732995192
167,kruisfontein,-34.0033,24.7314,15.7,81,96,2.37,ZA,1732995193
168,howrah,22.5892,88.3103,20.0,88,75,1.54,IN,1732995194
169,baki,-7.6128,110.7839,24.78,87,100,3.27,ID,1732995195
170,laguna,38.421,-121.4238,11.93,76,0,2.06,US,1732995138
171,kavieng,-2.5744,150.7967,27.69,76,95,1.28,PG,1732995197
172,byron bay,-28.65,153.6167,22.23,95,100,5.18,AU,1732995198
173,laitila,60.8758,21.6977,4.96,81,100,5.65,FI,1732995199
174,siqueira campos,-23.6889,-49.8339,31.18,47,79,1.79,BR,1732995200
175,mersa matruh,31.3525,27.2453,15.11,72,0,2.57,EG,1732995201
176,new norfolk,-42.7826,147.0587,16.62,100,100,0.73,AU,1732995178
177,tosontsengel,48.7567,98.2839,-18.34,90,23,0.77,MN,1732995204
178,east ballina,-28.8667,153.5833,22.36,94,100,5.34,AU,1732995205
179,galveston,29.3669,-94.9669,16.98,73,100,5.14,US,1732995206
180,tamanrasset,22.785,5.5228,15.34,21,0,1.24,DZ,1732995207
181,fort bragg,35.139,-79.006,10.51,24,0,4.63,US,1732995208
182,lompoc,34.6391,-120.4579,21.62,55,75,0.0,US,1732995209
183,sorong,-0.8833,131.25,26.55,86,100,1.97,ID,1732995210
184,barra de santo antonio,-9.4047,-35.5072,26.0,73,70,5.08,BR,1732995211
185,berezovyy,51.6667,135.7,-10.25,91,99,1.99,RU,1732995212
186,kapuskasing,49.4169,-82.4331,-4.95,93,100,4.12,CA,1732995213
187,xichang,27.8964,102.2634,6.72,87,1,0.5,CN,1732995215
188,onega,63.9061,38.1404,-4.78,86,100,3.41,RU,1732995216
189,sulya,12.5667,75.3833,23.19,82,100,0.57,IN,1732995217
190,kununurra,-15.7667,128.7333,27.99,89,64,0.0,AU,1732995218
191,ray,23.6833,85.05,14.8,57,92,0.86,IN,1732995220
192,cruzeiro do sul,-29.5128,-51.9853,29.73,65,96,3.71,BR,1732995221
193,gebeit,21.0667,36.3167,17.97,70,0,1.57,SD,1732995223
194,kiama,-34.6833,150.8667,20.21,97,100,0.89,AU,1732995224
195,archangelos,36.2149,28.1149,15.73,79,84,6.51,GR,1732995227
196,ust-nera,64.5667,143.2,-22.55,100,58,0.42,RU,1732995138
197,hwange,-18.3693,26.5019,24.41,62,91,1.37,ZW,1732995229
198,siwa oasis,29.2041,25.5195,16.14,55,0,0.56,EG,1732995230
199,sept-iles,50.2001,-66.3821,0.03,76,75,6.17,CA,1732995231
200,puerto real,36.5282,-6.1901,20.09,73,0,4.63,ES,1732995232
201,kayangel,8.0823,134.7173,29.31,73,92,4.61,PW,1732995138
202,saint-francois,46.4154,3.9054,1.69,100,35,1.54,FR,1732995234
203,safford,32.834,-109.7076,19.86,31,0,2.57,US,1732995235
204,ambon,-3.6954,128.1814,30.13,100,40,2.06,ID,1732995236
205,toliara,-23.35,43.6667,23.78,64,0,7.79,MG,1732995238
206,elin-yurt,43.6731,44.9589,4.84,73,98,2.18,RU,1732995239
207,asmara,15.3333,38.9333,13.15,94,87,2.01,ER,1732995240
208,saint-philippe,-21.3585,55.7679,24.03,84,45,3.9,RE,1732995241
209,lloret de mar,41.6999,2.8457,14.73,91,61,1.34,ES,1732995242
210,agat village,13.3886,144.6585,26.31,91,0,2.57,GU,1732995244
211,colonia,50.9333,6.95,4.58,77,0,4.63,DE,1732995000
212,keflavik,64.0049,-22.5624,-2.76,74,40,12.86,IS,1732995246
213,cabo san lucas,22.8909,-109.9124,26.17,57,20,4.12,MX,1732995247
214,talnakh,69.4865,88.3972,-12.38,83,100,7.73,RU,1732995157
215,sisimiut,66.9395,-53.6735,-12.21,81,98,4.78,GL,1732995206
216,uzgen,40.7699,73.3007,3.88,94,100,1.08,KG,1732995251
217,solleftea,63.1667,17.2667,-2.08,96,82,1.04,SE,1732995252
218,corupa,-26.4253,-49.2431,26.36,94,99,1.98,BR,1732995253
219,itoman,26.1247,127.6694,16.01,67,84,2.06,JP,1732995254
220,sikasso,10.9167,-7.0,24.15,23,1,2.36,ML,1732995255
221,potosi,-19.5836,-65.7531,8.15,86,100,3.58,BO,1732995256
222,rabaul,-4.1967,152.1721,26.81,79,87,0.98,PG,1732995257
223,codrington,-38.2667,141.9667,14.58,97,100,5.97,AU,1732995258
224,dunedin,-45.8742,170.5036,14.67,48,0,1.17,NZ,1732995259
225,manistee,44.2445,-86.3242,-3.88,73,100,4.12,US,1732995260
226,mount gambier,-37.8333,140.7667,14.66,99,100,2.32,AU,1732995194
227,alo,6.5486,4.2686,26.24,66,42,1.66,NG,1732995262
228,trairi,-3.2778,-39.2689,27.63,72,38,5.62,BR,1732995247
229,banda aceh,5.5577,95.3222,26.66,80,98,3.87,ID,1732995264
230,juuka,63.2333,29.25,2.36,97,100,5.17,FI,1732995265
231,vilyuysk,63.7553,121.6247,-29.85,96,99,2.75,RU,1732995070
232,aquiraz,-3.9014,-38.3911,29.05,73,71,5.65,BR,1732995268
233,brookings,44.3114,-96.7984,-9.75,72,100,3.39,US,1732995121
234,charkhari,25.4,79.75,15.51,39,6,0.37,IN,1732995270
235,aasiaat,68.7098,-52.8699,-18.64,100,95,2.32,GL,1732995271
236,arrifes,37.7667,-25.7,17.18,72,20,2.57,PT,1732995272
237,quvasoy,40.3022,71.9744,4.62,93,40,0.0,UZ,1732995273
238,metlili chaamba,32.2667,3.6333,15.9,25,0,1.53,DZ,1732995274
239,sinabang,2.4803,96.3801,25.9,83,100,1.84,ID,1732995173
240,kristiansund,63.1115,7.732,10.36,87,75,6.69,NO,1732995276
241,skelleftea,64.7507,20.9528,-2.8,100,100,1.54,SE,1732995116
242,nantucket,41.2835,-70.0995,6.06,45,0,8.23,US,1732995115
243,raja,8.4596,25.678,23.2,27,14,1.98,SS,1732995279
244,peniche,39.3558,-9.3811,19.0,77,100,3.36,PT,1732995280
245,kapoeta,4.7717,33.5903,29.78,36,43,1.05,SS,1732995281
246,daru,-9.0763,143.2092,26.47,86,100,1.65,PG,1732995174
247,santarem,-2.4431,-54.7083,35.07,43,20,5.14,BR,1732995284
248,coahuayana de hidalgo,18.7,-103.6583,29.99,63,60,3.21,MX,1732995285
249,banjarmasin,-3.3244,114.591,27.08,98,100,0.96,ID,1732995029
250,parkland,47.1554,-122.434,6.51,83,100,0.89,US,1732995288
251,stepnoye,51.4,46.8667,0.24,83,100,1.98,RU,1732995290
252,bouake,7.6895,-5.0218,25.24,34,74,1.3,CI,1732995291
253,champerico,14.3,-91.9167,27.93,60,13,2.97,GT,1732995292
254,al kharijah,25.4514,30.5464,15.57,62,0,3.35,EG,1732995110
255,al hazm,16.1641,44.7769,21.19,42,5,1.65,YE,1732995295
256,hanzhong,33.0728,107.0303,5.73,59,0,0.55,CN,1732995296
257,maralal,1.0968,36.698,15.73,76,9,0.98,KE,1732995297
258,varena,54.2167,24.5667,0.67,92,75,2.09,LT,1732995298
259,cuyo,10.8525,121.0086,27.63,82,100,7.28,PH,1732995299
260,petawawa,45.9001,-77.3328,0.44,61,100,1.79,CA,1732995300
261,petropavlovsk-kamchatsky,53.0452,158.6483,-0.67,100,75,2.0,RU,1732995301
262,severnoye,56.3491,78.3619,-19.1,99,30,1.44,RU,1732995302
263,tallulah,32.4085,-91.1868,12.0,28,0,2.06,US,1732995303
264,enewetak,11.3474,162.3373,28.17,78,100,9.87,MH,1732995304
265,minas de marcona,-15.2119,-75.1103,20.86,63,100,7.44,PE,1732995305
266,uturoa,-16.7333,-151.4333,27.5,75,77,4.44,PF,1732995306
267,lata,40.1629,-8.3327,14.62,75,100,1.78,PT,1732995140
268,vicuna,-30.0319,-70.7081,29.87,25,0,4.47,CL,1732995308
269,axim,4.8699,-2.2405,26.9,76,23,3.05,GH,1732995194
270,yatou,37.15,122.3833,7.19,64,100,0.57,CN,1732995312
271,pocao de pedras,-4.6667,-44.85,37.23,26,100,1.99,BR,1732995313
272,sarasota,27.167,-82.3332,21.08,56,79,3.81,US,1732995308
273,aleg,17.0481,-13.9209,27.74,10,4,4.39,MR,1732995315
274,tarauaca,-8.1614,-70.7656,30.64,58,91,1.42,BR,1732995316
275,cedeira,43.6797,-8.0209,18.32,71,96,4.82,ES,1732995317
276,bardai,11.65,7.2333,19.92,28,53,3.99,NG,1732995319
277,linglestown,40.334,-76.7891,2.21,49,40,8.23,US,1732995320
278,vadso,70.0744,29.7487,-1.91,69,20,14.4,NO,1732995321
279,los aquijes,-14.0967,-75.6908,30.3,42,70,6.39,PE,1732995322
280,alta,69.9689,23.2717,-4.41,81,75,4.92,NO,1732995323
281,barkly west,-28.5354,24.5215,25.1,10,0,4.03,ZA,1732995324
282,labuan,5.2767,115.2417,24.2,94,20,0.0,MY,1732995325
283,flagstaff,35.1981,-111.6513,12.45,27,0,3.09,US,1732995265
284,belyayevka,51.3974,56.4096,-3.15,89,99,2.25,RU,1732995327
285,eraan,9.0629,117.7016,25.95,88,100,1.56,PH,1732995329
286,luanda,-8.8368,13.2343,27.0,74,20,4.63,AO,1732995330
287,kiunga,-6.1219,141.2906,23.77,100,100,0.97,PG,1732995331
288,carolina beach,34.0352,-77.8936,11.14,34,0,1.34,US,1732995332
289,berasia,23.6333,77.4333,13.57,44,96,2.75,IN,1732995335
290,anna regina,7.2644,-58.5077,28.63,69,3,3.89,GY,1732995336
291,tiksi,71.6872,128.8694,-23.63,100,92,1.86,RU,1732995337
292,xilin hot,43.9667,116.0333,-4.63,81,57,6.0,CN,1732995338
293,battambang,13.1027,103.1982,19.77,81,7,1.21,KH,1732995339
294,port mathurin,-19.6833,63.4167,24.45,81,87,9.1,MU,1732995163
295,ridgecrest,35.6225,-117.6709,15.36,24,0,2.06,US,1732995341
296,mettur,11.8,77.8,23.95,86,100,2.04,IN,1732995342
297,saraj,42.0,21.3278,2.75,100,100,0.66,MK,1732995344
298,watampone,-4.5386,120.3279,25.43,90,100,1.06,ID,1732995345
299,praia da vitoria,38.7333,-27.0667,15.14,88,40,5.57,PT,1732995178
300,fort-shevchenko,44.5086,50.263,3.62,76,93,3.63,KZ,1732995347
301,lycksele,64.5954,18.6735,-9.07,92,75,0.0,SE,1732995349
302,westport,41.1415,-73.3579,4.39,47,20,4.12,US,1732995194
303,ilha de mocambique,-15.0342,40.7358,26.44,69,89,9.33,MZ,1732995351
304,yekaterinoslavka,50.3734,129.1139,-26.37,100,7,2.31,RU,1732995352
305,cole harbour,44.6724,-63.4751,2.71,90,100,6.69,CA,1732995353
306,polyarnyy,69.1989,33.4478,-6.99,81,93,9.28,RU,1732995354
307,gobabis,-22.45,18.9667,24.6,10,0,4.47,NA,1732995355
308,zakynthos,37.7914,20.8953,13.72,71,93,3.48,GR,1732995357
309,geraldton,-28.7667,114.6,20.23,77,100,4.12,AU,1732995358
310,fauske,67.2588,15.3918,-1.7,71,100,2.01,NO,1732995359
311,daxi,24.8837,121.2904,17.64,71,21,1.68,TW,1732995360
312,katsuura,35.1333,140.3,10.94,67,1,6.27,JP,1732995361
313,manghit,42.1156,60.0597,6.17,69,100,3.06,UZ,1732995362
314,al burayqah,30.4062,19.5739,19.21,41,5,3.35,LY,1732995363
315,st. john's,47.5649,-52.7093,4.6,95,100,4.12,CA,1732995365
316,nieuw amsterdam,5.8833,-55.0833,27.01,89,40,0.0,SR,1732995366
317,chibougamau,49.9168,-74.3659,-5.21,86,100,4.12,CA,1732995140
318,graaff-reinet,-32.2522,24.5308,16.07,68,50,5.57,ZA,1732995368
319,harstad,68.799,16.5293,-2.14,95,100,2.68,NO,1732995369
320,zhanaozen,43.3,52.8,0.64,91,47,2.6,KZ,1732995370
321,curuzu cuatia,-29.7917,-58.0546,29.69,59,32,4.8,AR,1732995371
322,fresno,36.6666,-119.8343,9.13,87,100,1.54,US,1732995329
323,nogliki,51.8333,143.1667,-3.76,92,100,4.72,RU,1732995373
324,majene,-3.5403,118.9707,25.48,83,100,2.4,ID,1732995374
325,california,38.3004,-76.5074,5.06,43,0,5.66,US,1732995375
326,howard springs,-12.497,131.047,24.95,100,100,1.5,AU,1732995376
327,sydney mines,46.2367,-60.2177,6.36,64,20,4.63,CA,1732995377
328,sosnovo-ozerskoye,52.5249,111.5418,-14.02,83,100,4.62,RU,1732995379
329,carutapera,-1.195,-46.02,29.19,63,33,3.38,BR,1732995182
330,usinsk,65.9939,57.5281,-6.21,95,97,7.98,RU,1732995382
331,arteche,12.2645,125.4048,25.8,90,82,0.39,PH,1732995383
332,beira,-19.8436,34.8389,24.05,69,0,3.09,MZ,1732995384
333,nagqu,31.5,92.0,-7.73,33,81,0.18,CN,1732995385
334,alesund,62.4723,6.1549,11.29,93,75,5.66,NO,1732995387
335,yinchuan,38.4681,106.2731,1.3,36,0,1.23,CN,1732995389
336,hermanus,-34.4187,19.2345,18.22,79,78,3.62,ZA,1732995391
337,nizhniy kuranakh,58.8353,125.4869,-20.89,99,100,1.54,RU,1732995392
338,znojmo,48.8555,16.0488,1.67,88,5,1.22,CZ,1732995393
339,tezu,27.9167,96.1667,15.52,36,0,2.11,IN,1732995394
340,argo,37.6333,22.7333,12.78,78,78,1.58,GR,1732995396
341,lamu,-2.2717,40.902,27.25,82,87,4.71,KE,1732995397
342,pescara,42.3333,13.95,8.31,92,99,1.33,IT,1732995398
343,uray,60.1247,64.7758,-5.62,89,28,4.09,RU,1732995400
344,nova sintra,14.8667,-24.7167,26.63,69,11,4.99,CV,1732995401
345,tateyama,34.9833,139.8667,11.18,67,4,5.49,JP,1732995402
346,puerto baquerizo moreno,-0.9,-89.6,26.55,61,40,6.17,EC,1732995403
347,la junta,37.985,-103.5438,8.16,31,0,2.06,US,1732995404
348,tupiza,-21.45,-65.7167,14.64,73,100,3.46,BO,1732995405
349,playa del ingles,27.7567,-15.5787,24.66,40,88,0.88,ES,1732995406
350,timimoun,29.2639,0.231,18.78,31,0,3.36,DZ,1732995407
351,zaio,34.9428,-2.7329,14.9,48,37,0.9,MA,1732995408
352,yantarnyy,54.8717,19.9381,5.4,76,67,9.24,RU,1732995409
353,esmeraldas,-19.7625,-44.3139,25.49,77,98,1.09,BR,1732995410
354,haparanda,65.8355,24.1368,-3.97,97,100,2.7,SE,1732995411
355,billings,45.7833,-108.5007,3.92,56,100,6.17,US,1732995413
356,mandaguacu,-23.3472,-52.0953,26.78,83,75,3.6,BR,1732995414
357,ceeldheer,3.8488,47.1806,26.14,74,55,8.32,SO,1732995415
358,gadzhiyevo,69.2551,33.3362,-7.13,82,81,9.87,RU,1732995416
359,alofi,-19.0595,-169.9187,25.94,83,75,5.66,NU,1732995214
360,saint-pierre,-21.3393,55.4781,23.82,73,40,0.0,RE,1732995418
361,karratha,-20.7377,116.8463,26.03,73,7,5.44,AU,1732995419
362,arenas de san pedro,40.2104,-5.0869,12.07,72,87,2.0,ES,1732995420
363,kabansk,52.0486,106.6528,-14.38,83,12,2.32,RU,1732995421
364,sao miguel do araguaia,-13.275,-50.1628,26.46,81,98,2.86,BR,1732995422
365,vernon,50.2581,-119.2691,3.02,79,100,3.58,CA,1732995423
366,amasra,41.7463,32.3863,10.06,78,2,3.11,TR,1732995424
367,nemuro,43.3236,145.575,1.48,70,0,7.52,JP,1732995425
368,kirkkonummi,60.1238,24.4385,6.71,83,100,9.98,FI,1732995426
369,kone,-21.0595,164.8658,25.38,67,1,1.58,NC,1732995428
370,taltal,-25.4,-70.4833,18.95,72,30,3.76,CL,1732995429
371,butembo,0.15,29.2833,14.17,97,74,0.86,CD,1732995430
372,chonchi,-42.6128,-73.8092,13.32,63,87,1.02,CL,1732995431
373,tulun,54.5611,100.5792,-15.66,97,11,0.51,RU,1732995432
374,custodia,-8.0875,-37.6431,34.71,18,11,0.73,BR,1732995433
375,la'ie,21.6477,-157.9253,25.62,78,68,2.24,US,1732995434
376,tulu bolo,8.6667,38.2167,12.57,55,19,1.28,ET,1732995435
377,homer,59.6425,-151.5483,-9.07,73,0,0.0,US,1732995436
378,fort mcmurray,56.7268,-111.381,-20.23,77,100,3.09,CA,1732995438
379,khandyga,62.6667,135.6,-19.96,100,100,0.77,RU,1732995439
380,carnarvon,-24.8667,113.6333,22.58,76,52,6.35,AU,1732995440
381,kargasok,59.0556,80.8572,-10.42,97,92,3.82,RU,1732995441
382,hailar,49.2,119.7,-14.34,96,100,5.0,CN,1732995442
383,capo d'orlando,38.1435,14.7305,12.74,64,100,8.82,IT,1732995443
384,bikenibeu village,1.3673,173.1241,28.98,74,40,6.69,KI,1732995444
385,egilsstadir,65.2653,-14.3948,-2.05,93,100,13.38,IS,1732995445
386,mariental,-24.6333,17.9667,29.37,6,0,4.34,NA,1732995446
387,mar del plata,-38.0023,-57.5575,19.73,62,0,5.14,AR,1732995208
388,tommot,58.9564,126.2925,-20.18,98,100,2.5,RU,1732995448
389,kanniyakumari,8.0833,77.5667,26.63,81,100,8.98,IN,1732995449
390,shingu,33.7333,135.9833,7.28,76,0,2.48,JP,1732995450
391,saudarkrokur,65.7461,-19.6394,-4.48,82,86,12.37,IS,1732995452
392,naze,28.3667,129.4833,13.51,71,36,2.19,JP,1732995217
393,yarkovo,57.4028,67.0786,-6.67,95,16,3.05,RU,1732995455
394,sultanah,24.4926,39.5857,23.25,25,0,1.03,SA,1732995456
395,son la,21.3167,103.9,11.31,90,97,1.35,VN,1732995457
396,mil'kovo,55.6078,37.7956,1.86,65,100,3.59,RU,1732995458
397,chemin grenier,-20.4872,57.4656,24.77,78,61,4.04,MU,1732995459
398,khorramabad,33.4878,48.3558,1.79,69,0,3.09,IR,1732995460
399,az zuwaytinah,30.9522,20.1202,19.77,51,0,5.2,LY,1732995461
400,seka,17.9285,103.9552,16.39,79,37,2.42,TH,1732995462
401,tabou,4.423,-7.3528,26.55,82,1,3.5,CI,1732995463
402,sao joao da barra,-21.6403,-41.0511,27.05,84,99,5.91,BR,1732995465
403,ghat,24.9647,10.1728,16.26,26,64,0.71,LY,1732995466
404,yorkton,51.2167,-102.4677,-21.09,84,0,2.57,CA,1732995467
405,imbituba,-28.24,-48.6703,21.46,82,96,3.09,BR,1732995468
406,al jawf,29.5,38.75,12.52,42,0,3.69,SA,1732995469
407,suva,-18.1416,178.4415,22.71,100,75,2.06,FJ,1732995470
408,ampanihy,-24.7,44.75,21.13,68,0,4.59,MG,1732995471
409,diamantino,-14.4086,-56.4461,29.59,64,73,3.78,BR,1732995291
410,nandyal,15.4833,78.4833,23.17,85,100,2.62,IN,1732995473
411,iwye,53.9299,25.7727,1.82,87,100,2.43,BY,1732995474
412,ezine,39.7856,26.3408,12.85,64,100,4.14,TR,1732995475
413,tazovsky,67.4667,78.7,-8.94,91,100,8.87,RU,1732995207
414,san patricio,28.017,-97.5169,17.97,60,100,3.79,US,1732995477
415,murzuq,25.9155,13.9184,13.58,39,21,1.42,LY,1732995478
416,holualoa,19.6228,-155.9522,24.91,86,40,0.0,US,1732995479
417,richards bay,-28.783,32.0377,19.2,82,2,2.13,ZA,1732995481
418,peace river,56.2501,-117.286,-22.83,77,40,2.06,CA,1732995187
419,la tuque,47.4334,-72.7824,-2.86,86,100,2.57,CA,1732995483
420,morehead city,34.7229,-76.726,10.02,35,0,3.58,US,1732995484
421,newburgh,41.5034,-74.0104,3.41,56,75,7.2,US,1732995365
422,markovo,57.3206,107.0881,-28.44,100,99,0.82,RU,1732995487
423,namibe,-15.1961,12.1522,22.23,79,31,2.91,AO,1732995219
424,nanning,22.8167,108.3167,12.25,63,36,1.67,CN,1732995489
425,aligudarz,33.4006,49.6949,0.38,56,0,1.71,IR,1732995490
426,san luis de la loma,17.2706,-100.8939,29.11,66,16,4.23,MX,1732995491
427,salekhard,66.53,66.6019,-4.73,87,100,4.42,RU,1732995492
428,resende,-22.4689,-44.4467,25.6,84,100,2.83,BR,1732995494
429,alvaraes,-3.2208,-64.8042,34.93,24,63,0.73,BR,1732995495
430,at-bashi,41.1702,75.8106,-4.08,75,100,0.58,KG,1732995496
431,oroqen zizhiqi,50.5667,123.7167,-20.72,97,100,1.14,CN,1732995497
432,correntina,-13.3433,-44.6367,27.3,64,100,0.97,BR,1732995498
433,darwin,-12.4611,130.8418,24.99,94,100,1.54,AU,1732995499
434,la ronge,55.1001,-105.2842,-21.86,71,40,0.51,CA,1732995500
435,nyons,44.3333,5.1667,4.72,90,21,2.31,FR,1732995501
436,mhamid,29.82,-5.72,19.14,23,37,2.33,MA,1732995502
437,port blair,11.6667,92.75,25.02,94,75,1.03,IN,1732995503
438,brigantine,39.4101,-74.3646,4.11,48,20,6.69,US,1732995504
439,labytnangi,66.6572,66.4183,-4.97,87,100,4.13,RU,1732995505
440,demyansk,57.643,32.466,2.43,93,100,4.11,RU,1732995506
441,esmeralda,21.8525,-78.1169,28.25,64,94,4.17,CU,1732995507
442,wladyslawowo,54.7909,18.4009,3.85,73,98,5.35,PL,1732995508
443,haiku-pauwela,20.9219,-156.3051,25.09,72,20,6.26,US,1732995510
444,puerto aysen,-45.4,-72.7,12.54,85,99,2.93,CL,1732995463
445,christchurch,-43.5333,172.6333,14.07,88,3,2.57,NZ,1732995320
446,pariaman,-0.619,100.12,24.03,82,41,1.7,ID,1732995369
447,ape,57.5393,26.6929,4.2,86,100,4.87,LV,1732995514
448,remire-montjoly,4.9167,-52.2667,30.02,70,75,7.2,GF,1732995515
449,tsiombe,-25.3,45.4833,21.3,71,0,2.39,MG,1732995516
450,nikel,69.4128,30.222,-10.08,90,75,3.58,RU,1732995517
451,jilib,0.4883,42.7854,25.08,87,5,2.01,SO,1732995518
452,ust'-ilimsk,58.0006,102.6619,-29.57,100,78,1.47,RU,1732995519
453,macedo de cavaleiros,41.5382,-6.9611,12.38,84,100,1.7,PT,1732995520
454,chinoz,40.9364,68.7697,8.29,88,100,0.71,UZ,1732995521
455,brisas de zicatela,15.8369,-97.0419,29.29,74,0,0.0,MX,1732995522
456,les cayes,18.2,-73.75,28.02,80,84,4.11,HT,1732995227
457,kerikeri,-35.2268,173.9474,17.18,95,100,2.26,NZ,1732995526
458,nyanza,-2.3519,29.7509,14.24,94,21,1.66,RW,1732995527
459,nampula,-15.1165,39.2666,22.97,73,20,3.6,MZ,1732995528
460,impfondo,1.6381,18.0667,24.66,67,37,0.9,CG,1732995529
461,askoy,60.4092,5.226,10.16,100,100,8.75,NO,1732995530
462,bechar,31.6167,-2.2167,17.1,33,2,1.01,DZ,1732995531
463,gafsa,34.425,8.7842,16.12,55,75,4.12,TN,1732995532
464,as sulayyil,20.4607,45.5779,18.35,36,0,4.6,SA,1732995533
465,los frentones,-26.4077,-61.4137,33.97,46,82,4.06,AR,1732995534
466,inhambane,-23.865,35.3833,21.99,73,0,2.06,MZ,1732995536
467,esquel,-42.9,-71.3167,17.54,35,0,6.95,AR,1732995448
468,dzhalagash,45.0833,64.6667,3.56,87,100,2.77,KZ,1732995538
469,kalabo,-14.97,22.6814,23.63,69,63,2.11,ZM,1732995540
470,lazaro cardenas,17.9583,-102.2,28.78,62,0,5.08,MX,1732995408
471,kapa'a,22.0752,-159.319,24.71,89,20,2.57,US,1732995542
472,kourou,5.1552,-52.6478,26.7,80,62,3.13,GF,1732995543
473,tura,25.5198,90.2201,15.93,76,100,1.85,IN,1732995544
474,robore,-18.3333,-59.75,34.53,41,100,3.27,BO,1732995545
475,general pinedo,-27.3167,-61.2833,29.7,66,94,3.97,AR,1732995546
476,nikolayevsk-on-amure,53.1406,140.73,-1.2,98,100,1.33,RU,1732995547
477,krasnogorskiy,54.6025,61.231,-6.52,90,12,3.57,RU,1732995548
478,santa ana de yacuma,-13.75,-65.4333,33.97,55,20,6.17,BO,1732995550
479,salanso,12.1833,-4.0833,23.83,19,0,2.51,BF,1732995551
480,guiberoua,6.2392,-6.1727,25.65,72,100,1.04,CI,1732995552
481,warren,39.4334,-84.1666,1.42,43,0,5.66,US,1732995338
482,hasaki,35.7333,140.8333,12.68,57,0,4.59,JP,1732995554
483,belokurikha,51.9959,84.9896,-5.44,91,13,1.74,RU,1732995555
484,afaahiti,-17.75,-149.2833,25.87,82,42,5.67,PF,1732995556
485,feijo,-8.1642,-70.3536,30.06,60,98,0.58,BR,1732995558
486,moree,-29.4667,149.85,20.42,92,26,3.31,AU,1732995559
487,isola di capo rizzuto,38.96,17.0933,11.39,68,68,11.18,IT,1732995560
488,ouargla,31.9493,5.325,16.75,34,0,1.91,DZ,1732995562
489,berck-plage,50.407,1.5645,6.94,87,100,4.63,FR,1732995563
490,port moresby,-9.4431,147.1797,25.68,94,75,5.14,PG,1732995424
491,el calafate,-50.3408,-72.2768,11.21,61,40,9.57,AR,1732995566
492,dalandzadgad,43.5708,104.425,-3.06,40,52,10.43,MN,1732995567
493,tepeapulco,19.7833,-98.55,21.4,19,0,3.07,MX,1732995568
494,naryn,41.4287,75.9911,-6.81,67,100,2.96,KG,1732995569
495,mendi,-6.1761,143.6513,13.46,98,100,1.08,PG,1732995570
496,lodwar,3.1191,35.5973,30.6,41,29,0.89,KE,1732995571
497,merida,20.9667,-89.6167,30.57,51,75,0.45,MX,1732995571
498,namtsy,62.7161,129.6658,-21.09,93,100,3.06,RU,1732995574
499,korsakov,46.6328,142.7813,-2.09,78,87,8.41,RU,1732995575
500,ilhabela,-23.7781,-45.3581,24.85,88,100,1.35,BR,1732995577
501,haimen,23.1935,116.6142,15.28,81,60,2.37,CN,1732995578
502,nadvoitsy,63.8667,34.3167,-1.56,96,100,4.44,RU,1732995579
503,tyukhtet,56.5389,89.3011,-14.3,79,19,3.39,RU,1732995581
504,mata-utu,-13.2816,-176.1745,27.58,76,100,3.03,WF,1732995583
505,aldan,58.6031,125.3894,-23.0,99,100,1.81,RU,1732995584
506,cill airne,52.05,-9.5167,12.51,94,100,4.33,IE,1732995585
507,pacific grove,36.6177,-121.9166,19.67,70,0,2.06,US,1732995586
508,parras de la fuente,25.4167,-102.1833,22.45,33,100,1.89,MX,1732995587
509,dhromolaxia,34.8755,33.5868,13.18,76,0,2.57,CY,1732995588
510,lukoyanov,55.0277,44.4786,-0.47,88,100,2.48,RU,1732995589
511,slavsk,55.0425,21.677,1.39,91,61,3.21,RU,1732995590
512,northam,51.0333,-4.2167,14.23,90,80,9.08,GB,1732995591
513,solnechnyy,50.7214,136.6319,-6.04,91,100,1.95,RU,1732995593
514,barcelos,41.5388,-8.6151,16.11,79,100,3.24,PT,1732995594
515,kramfors,62.9316,17.7765,-2.11,100,100,0.51,SE,1732995595
516,dhuusamarreeb,5.535,46.3861,24.5,52,56,7.19,SO,1732995596
517,la foa,-21.7108,165.8276,24.15,71,80,0.86,NC,1732995597
518,nuku'alofa,-21.1333,-175.2,24.19,94,100,3.6,TO,1732995598
519,ariquemes,-9.9133,-63.0408,32.09,54,66,3.66,BR,1732995599
520,shache,38.4167,77.2406,0.44,51,18,0.95,CN,1732995600
521,awjilah,29.1081,21.2869,16.76,41,9,2.72,LY,1732995601
522,san antonio de pale,-1.4014,5.6325,26.28,85,100,4.71,GQ,1732995602
523,waitara,-38.925,174.25,14.44,95,99,3.16,NZ,1732995603
524,ryotsu-minato,38.0833,138.4333,9.41,57,94,7.6,JP,1732995604
525,wailea,19.8858,-155.123,25.34,83,40,1.54,US,1732995605
526,xuanzhou,30.9525,118.7553,8.68,61,0,1.51,CN,1732995607
527,tabina,7.4669,123.4081,26.64,85,100,2.06,PH,1732995608
528,morondava,-20.2833,44.2833,25.9,60,3,6.93,MG,1732995609
529,antofagasta,-23.65,-70.4,19.6,78,60,4.39,CL,1732995408
530,pemangkat,1.1667,108.9667,25.83,87,100,1.33,ID,1732995611
531,lhasa,29.65,91.1,-2.69,27,21,1.76,CN,1732995545
532,lubango,-14.9172,13.4925,18.92,94,52,3.09,AO,1732995613
533,bayji,34.9311,43.487,10.24,46,0,3.85,IQ,1732995614
534,katsuren-haebaru,26.3369,127.8719,16.01,89,20,2.57,JP,1732995615
535,lionel town,17.8101,-77.2406,29.04,72,30,4.43,JM,1732995616
536,temiskaming shores,47.4938,-79.7153,-5.11,76,100,2.9,CA,1732995618
537,benjamin aceval,-24.9667,-57.5667,31.92,61,100,2.05,PY,1732995619
538,tukrah,32.5341,20.5791,18.69,68,5,8.82,LY,1732995620
539,bowen,-20.0167,148.2333,24.57,89,88,1.86,AU,1732995621
540,glace bay,46.1969,-59.957,6.25,58,20,4.63,CA,1732995622
541,shahritus,37.2637,68.1385,9.6,79,100,2.53,TJ,1732995623
542,raton,36.9034,-104.4391,9.34,20,0,5.66,US,1732995624
543,aykhal,66.0,111.5,-31.36,100,98,1.48,RU,1732995625
544,serowe,-22.3833,26.7167,20.84,38,0,4.2,BW,1732995627
545,tiadiaye,14.4167,-16.7,27.16,18,0,1.77,SN,1732995628
546,mahibadhoo,3.7833,72.9667,27.73,75,100,8.38,MV,1732995629
547,nelson,-41.2833,173.2833,14.05,81,0,0.89,NZ,1732995630
548,al kharj,24.155,47.3346,15.32,35,0,3.49,SA,1732995631
549,chiredzi,-21.05,31.6667,22.1,43,0,1.52,ZW,1732995632
550,narathiwat,6.3333,101.75,23.64,97,100,1.54,TH,1732995633
551,princeville,45.7668,-61.2985,4.27,72,100,2.24,CA,1732995634
552,vrangel',42.7297,133.0839,-1.96,55,0,5.57,RU,1732995635
553,anahuac,27.2333,-100.15,18.7,31,68,2.96,MX,1732995574
554,weno,7.4515,151.8468,28.71,77,57,8.95,FM,1732995638
555,ouesso,1.6136,16.0517,24.43,68,7,0.89,CG,1732995639
556,boguchany,58.3814,97.4531,-21.8,99,9,0.25,RU,1732995641
557,tarko-sale,64.9225,77.785,-9.22,92,100,10.15,RU,1732995642
558,qusmuryn,52.4503,64.6311,-9.32,92,100,1.88,KZ,1732995643
559,revda,56.801,59.9303,-2.35,89,99,4.96,RU,1732995644
560,castillos,-34.1667,-53.8333,19.59,57,3,4.29,UY,1732995645
561,dubrajpur,23.8,87.3833,18.01,43,65,2.5,IN,1732995646
562,juchipila,21.4167,-103.1167,30.2,15,8,1.24,MX,1732995647
563,juneau,58.3019,-134.4197,-11.0,84,20,4.12,US,1732995648
564,amga,60.8953,131.9608,-19.28,98,100,1.74,RU,1732995649
565,piti village,13.4626,144.6933,27.03,92,0,2.57,GU,1732995650
566,boston,42.3584,-71.0598,5.65,48,20,5.14,US,1732995369
567,fish town,5.1964,-7.8756,24.53,85,94,1.38,LR,1732995653
568,salalah,17.0151,54.0924,29.05,32,0,5.66,OM,1732995654
569,xai-xai,-25.0519,33.6442,20.71,73,0,3.48,MZ,1732995655
570,narragansett,41.4501,-71.4495,5.77,44,0,3.6,US,1732995656
571,abay,49.6311,72.8539,0.78,98,100,4.76,KZ,1732995657
572,san marino,43.9333,12.4167,8.12,84,75,5.66,SM,1732995658
573,tinaquillo,9.9186,-68.3047,27.19,75,100,0.3,VE,1732995495
574,vanimo,-2.6741,141.3028,25.41,91,99,1.4,PG,1732995660
575,yemetsk,63.4721,41.7941,-5.64,88,71,2.71,RU,1732995661
576,krya vrysi,40.6872,22.3022,8.54,93,100,4.15,GR,1732995662
577,auki,-8.7676,160.7034,25.9,87,100,0.89,SB,1732995663
578,takab,36.4009,47.1133,-0.63,73,0,1.62,IR,1732995664
579,matoury,4.8483,-52.3317,29.98,70,75,7.2,GF,1732995665
580,lincoln city,44.9582,-124.0179,7.7,86,59,1.79,US,1732995666
581,songea,-10.6833,35.65,19.64,88,75,2.06,TZ,1732995668
582,ondjiva,-17.0667,15.7333,31.02,23,16,2.06,AO,1732995669
583,fuxin,42.0156,121.6589,-1.94,90,3,0.95,CN,1732995670
584,sinop,41.7711,34.8709,1.75,80,79,3.31,TR,1732995671
585,ishigaki,24.3448,124.1572,18.07,72,20,3.09,JP,1732995672
586,chakwal,32.9334,72.8585,12.92,44,0,1.42,PK,1732995673
587,corner brook,48.9667,-57.9484,1.32,80,52,3.15,CA,1732995455
588,taoudenni,22.6783,-3.9836,21.45,16,25,4.86,ML,1732995675
589,dezhou,37.4486,116.2925,6.27,60,14,2.19,CN,1732995676
590,mahina,-17.5065,-149.489,29.87,74,20,5.14,PF,1732995677
591,hilo,19.7297,-155.09,25.62,76,40,1.54,US,1732995678
592,labrador city,52.9463,-66.9114,-4.34,88,100,9.39,CA,1732995679
593,dudinka,69.4058,86.1778,-12.04,82,100,12.51,RU,1732995680
594,radnevo,42.3,25.9333,9.45,82,100,6.9,BG,1732995682
595,vila velha,-20.3297,-40.2925,27.19,85,75,5.14,BR,1732995396
